Redirect 301 /limited-liability-partnership.php https://bcshettyco.com/limited-liability-partnership.php
Redirect 301 /exemption-under-section-54EC.php https://bcshettyco.com/exemption-under-section-54EC.php
Redirect 301 /img/02-02-2022/www.mgiworld.com/www.mgiworld.com/www.mgiworld.com/www.mgiworld.com/www.mgiworld.com/www.mgiworld.com/it-success-stories.php https://bcshettyco.com/
Redirect 301 /depreciation-on-goodwill.php https://bcshettyco.com/
Redirect 301 /www.mgiworld.com/www.mgiworld.com/www.mgiworld.com/www.mgiworld.com/it-faq.php https://bcshettyco.com/
Redirect 301 /reverse-charge.php https://bcshettyco.com/reverse-charge.php
Redirect 301 /MEIS-Benifits.php https://bcshettyco.com/MEIS-Benifits.php
Redirect 301 /TaxabilityofEmployeeProvidentFund.php https://bcshettyco.com/TaxabilityofEmployeeProvidentFund.php
Redirect 301 /freight.php https://bcshettyco.com/freight.php
Redirect 301 /company.php https://bcshettyco.com/company.php
Redirect 301 /buyback.php https://bcshettyco.com/buyback.php
Redirect 301 /covid-19/csr.php https://bcshettyco.com/covid-19/csr.php
Redirect 301 /covid-19/www.mgiworld.com/www.mgiworld.com/www.mgiworld.com/www.mgiworld.com/www.mgiworld.com/it-success-stories.php https://bcshettyco.com/
Redirect 301 /analysis-corporate-tax-cuts.php https://bcshettyco.com/analysis-corporate-tax-cuts.php
Redirect 301 /payments.php https://bcshettyco.com/payments.php
Redirect 301 /disributeITC.php https://bcshettyco.com/disributeITC.php
Redirect 301 /fdi-in-it.php/www.mgiworld.com/www.mgiworld.com/legal https://bcshettyco.com/fdi-in-it.php/
Redirect 301 /www.mgiworld.com/www.mgiworld.com/legal https://bcshettyco.com/
Redirect 301 /www.mgiworld.com/www.mgiworld.com/income-tax-faq.php https://bcshettyco.com/
Redirect 301 /cbdt.php https://bcshettyco.com/cbdt.php
Redirect 301 /tax-planning.php https://bcshettyco.com/tax-planning.php
Redirect 301 /society.php https://bcshettyco.com/society.php
Redirect 301 /concessional.php https://bcshettyco.com/concessional.php
Redirect 301 /tcs.php https://bcshettyco.com/tcs.php
Redirect 301 /pgacc.php https://bcshettyco.com/pgacc.php
Redirect 301 /ipo.php https://bcshettyco.com/ipo.php
Redirect 301 /gst-council-meet.php https://bcshettyco.com/gst-council-meet.php
Redirect 301 /payments.php https://bcshettyco.com/payments.php
Redirect 301 /capital-gain-advisory-service.php https://bcshettyco.com/capital-gain-advisory-service.php
Redirect 301 /MSME-Interest-Subvention.php https://bcshettyco.com/MSME-Interest-Subvention.php
Redirect 301 /accounting outsourcing https://bcshettyco.com/accounting-outsourcing.php
Redirect 301 /covid-19/www.mgiworld.com/www.mgiworld.com/www.mgiworld.com/www.mgiworld.com/www.mgiworld.com/www.mgiworld.com/it-faq.php https://bcshettyco.com/
Redirect 301 /budget-impact.php https://bcshettyco.com/budget-impact.php
Redirect 301 /meis.php https://bcshettyco.com/meis.php
Redirect 301 /transfer-pricing.php/www.mgiworld.com/legal https://bcshettyco.com/transfer-pricing.php
Redirect 301 /aboutus.php https://bcshettyco.com/aboutus.php
Redirect 301 /covid-19/www.mgiworld.com/www.mgiworld.com/www.mgiworld.com/www.mgiworld.com/www.mgiworld.com/www.mgiworld.com/legal https://bcshettyco.com/
Redirect 301 /impact-of-financials.php https://bcshettyco.com/impact-of-financials.php



Redirect 301 /gstnewsletteronexports.php https://bcshettyco.com/depreciation-on-goodwill.php, https://bcshettyco.com/meis.php, https://www.bcshettyco.com/impact-of-financials.php, https://www.bcshettyco.com/tds-on-purchase.php, https://bcshettyco.com/gst-rfd.php, https://bcshettyco.com/hotel_more.php, https://www.bcshettyco.com/revised-taxability.php, https://www.bcshettyco.com/expenses.php, https://bcshettyco.com/levy.php, https://www.bcshettyco.com/igstonrcm.php
Redirect 301 /img/02-02-2022/it-video-gallery.php https://www.bcshettyco.com/img/02-02-2022/www.mgiworld.com/www.mgiworld.com/www.mgiworld.com/www.mgiworld.com/www.mgiworld.com/www.mgiworld.com/it-success-stories.php, https://www.bcshettyco.com/www.mgiworld.com/www.mgiworld.com/www.mgiworld.com/www.mgiworld.com/it-faq.php, https://www.bcshettyco.com/company.php, https://www.bcshettyco.com/covid-19/www.mgiworld.com/www.mgiworld.com/www.mgiworld.com/www.mgiworld.com/www.mgiworld.com/it-success-stories.php, https://bcshettyco.com/fdi-in-it.php/www.mgiworld.com/www.mgiworld.com/legal, https://bcshettyco.com/www.mgiworld.com/www.mgiworld.com/legal, https://bcshettyco.com/www.mgiworld.com/www.mgiworld.com/income-tax-faq.php, https://bcshettyco.com/accounting outsourcing, https://www.bcshettyco.com/covid-19/www.mgiworld.com/www.mgiworld.com/www.mgiworld.com/www.mgiworld.com/www.mgiworld.com/www.mgiworld.com/it-faq.php, https://bcshettyco.com/transfer-pricing.php/www.mgiworld.com/legal